"id","name","product_id","reorder_count"
499,"Patrick Herrera",1012,"4"
697,"Michael Larson",1050,"4"
542,"Darren Schneider",1008,"3"
780,"Timothy Lee",1024,"3"
181,"Carla Cook",1082,"3"
716,"Ms. Miranda Thomas",1083,"3"
364,"Diane Soto",1028,"3"
539,"Tamara Cooley",1089,"3"
979,"Brent Mathews",1041,"3"
152,"Christina Mills",1007,"3"
541,"Sean Merritt",1065,"3"
196,"William Pruitt",1003,"3"
904,"James Lane",1078,"3"
624,"Tanya Baker",1065,"3"
983,"Kara Barrett",1056,"3"
641,"Vanessa Anderson",1085,"3"
369,"Joseph Jackson",1024,"3"
790,"Alexandria Lawrence",1043,"3"
851,"Laura George",1057,"3"
619,"John Simon",1020,"3"
933,"Steven Flynn",1031,"3"
777,"Brandi Soto",1031,"3"
43,"Haley Bailey",1048,"3"
760,"Richard Randolph",1093,"3"
139,"Max Leonard",1058,"3"
209,"Mark Miller",1002,"3"
869,"Elizabeth Peterson",1095,"3"
171,"Rebecca Gonzalez",1056,"3"
616,"Benjamin Ortiz",1081,"3"
891,"Emily Freeman",1006,"3"
118,"Emily Hale",1049,"3"
534,"Mrs. Michelle Johnson DDS",1090,"3"
916,"Adam Mack",1046,"3"
322,"Jason Nunez",1018,"3"
333,"Valerie Johnson",1016,"3"
447,"William Fletcher MD",1006,"3"
468,"Megan Huffman",1009,"3"
353,"Tina Kelly",1100,"3"
305,"Eddie Wright",1100,"3"
749,"Nathan Brown",1090,"3"
452,"Richard Parker",1038,"3"
869,"Elizabeth Peterson",1006,"3"
507,"Joshua Gonzales",1094,"3"
209,"Mark Miller",1043,"3"
638,"Rachel Hall",1043,"3"
603,"Scott Anderson",1010,"3"
742,"Robin Lopez",1054,"3"
259,"Mr. Steven Vaughan V",1061,"3"
800,"Jacqueline Garcia",1016,"3"
123,"Jessica Hobbs",1025,"3"
370,"Tiffany Hayden",1077,"2"
412,"Michael Walsh",1021,"2"
194,"Erika Rush",1032,"2"
75,"Emily Thomas",1032,"2"
573,"Albert Franklin",1018,"2"
152,"Christina Mills",1050,"2"
904,"James Lane",1073,"2"
260,"Samantha Frazier",1054,"2"
970,"Jamie Williams",1056,"2"
204,"Catherine Riley",1099,"2"
480,"Shelby Peck",1014,"2"
850,"Sarah Spencer",1038,"2"
7,"Sarah Bauer",1052,"2"
247,"Kelly Townsend",1060,"2"
873,"Samantha Ramsey",1017,"2"
155,"Amber Martin",1064,"2"
935,"Charles Duran",1055,"2"
626,"Anthony Tran",1082,"2"
655,"Michael Cantu",1018,"2"
137,"Robert Jones",1018,"2"
111,"Michael Taylor",1019,"2"
665,"Mr. Carl Lopez MD",1091,"2"
664,"Steven Richardson",1092,"2"
782,"John Roy",1060,"2"
154,"David Robinson",1095,"2"
175,"Lori Peck",1067,"2"
166,"Patrick Good",1084,"2"
436,"Cathy Graham",1066,"2"
40,"Heather Kelly",1022,"2"
238,"Mr. Dustin Parks",1041,"2"
333,"Valerie Johnson",1060,"2"
240,"Matthew Horton",1073,"2"
175,"Lori Peck",1024,"2"
684,"Michael Williams",1054,"2"
446,"Shirley Wall",1035,"2"
394,"Phillip Lopez",1053,"2"
755,"Joseph Stone",1051,"2"
274,"Brandi Anderson",1040,"2"
388,"Scott Flores",1087,"2"
178,"Andrea Jackson",1013,"2"
426,"Katherine Conrad",1081,"2"
10,"Jeffrey Carney",1085,"2"
117,"Scott Bell Jr.",1032,"2"
194,"Erika Rush",1050,"2"
536,"Melinda Riddle",1046,"2"
323,"Timothy Gomez",1075,"2"
804,"Robert Evans",1096,"2"
968,"Melanie Bridges",1092,"2"
523,"Lauren Morgan",1045,"2"
281,"Terry Sutton",1001,"2"
309,"Julie Harrison",1043,"2"
30,"Gerald Parks",1026,"2"
47,"Tim Schwartz",1067,"2"
534,"Mrs. Michelle Johnson DDS",1004,"2"
610,"Nicolas Mccarty",1072,"2"
881,"Dr. Anita Simpson PhD",1016,"2"
354,"Jennifer Morris",1052,"2"
354,"Jennifer Morris",1005,"2"
12,"Rachel Green",1012,"2"
216,"Deanna Gonzales",1034,"2"
392,"Ashley Gonzales",1033,"2"
657,"Robin Diaz",1039,"2"
378,"Timothy Diaz",1043,"2"
823,"Patrick Brown",1058,"2"
822,"Thomas Gray",1034,"2"
986,"Noah Cooley",1065,"2"
621,"Mitchell Cochran",1070,"2"
609,"Anthony Horne",1099,"2"
169,"Alejandro Garcia",1097,"2"
383,"Troy Jones",1009,"2"
846,"Margaret Flores",1099,"2"
920,"Sheri Thompson",1067,"2"
972,"Shirley Gallegos",1037,"2"
422,"Colleen Stone",1092,"2"
508,"Nancy Rodriguez",1085,"2"
48,"Lauren Kennedy",1005,"2"
554,"Jacob Sullivan",1062,"2"
241,"Douglas Nguyen",1081,"2"
426,"Katherine Conrad",1071,"2"
697,"Michael Larson",1007,"2"
418,"David Ingram",1068,"2"
868,"Collin Gibbs",1084,"2"
857,"Lynn Hampton DVM",1024,"2"
843,"Jennifer Davis",1058,"2"
48,"Lauren Kennedy",1027,"2"
220,"Paul Smith",1096,"2"
207,"Tracey Mullins",1021,"2"
840,"Matthew Davis",1017,"2"
394,"Phillip Lopez",1054,"2"
957,"Brianna Harris",1007,"2"
905,"Eric Thomas",1011,"2"
958,"Pamela Tyler",1071,"2"
990,"Daniel Valdez",1013,"2"
433,"Jon Liu",1060,"2"
468,"Megan Huffman",1024,"2"
818,"Dennis Evans",1043,"2"
72,"Margaret Roberts",1073,"2"
728,"Stephen White",1075,"2"
50,"Ann Armstrong",1018,"2"
933,"Steven Flynn",1085,"2"
671,"Jennifer Stevenson",1003,"2"
380,"Suzanne Schmidt",1085,"2"
541,"Sean Merritt",1002,"2"
332,"Justin Haas",1064,"2"
228,"Keith Meyers",1037,"2"
637,"Dr. Glen Herrera",1091,"2"
795,"William Johnson",1056,"2"
1,"Elizabeth Reilly",1090,"2"
364,"Diane Soto",1071,"2"
966,"Martin Dawson",1045,"2"
534,"Mrs. Michelle Johnson DDS",1077,"2"
408,"Brian Cross",1009,"2"
345,"Michael Simmons",1042,"2"
729,"Joshua Lopez",1092,"2"
436,"Cathy Graham",1091,"2"
487,"Jessica Gregory",1071,"2"
422,"Colleen Stone",1024,"2"
522,"Cassandra Manning",1053,"2"
27,"Walter Moore",1016,"2"
511,"Jamie Wagner",1034,"2"
528,"Rachel Williams",1040,"2"
537,"Ashley Gibson",1076,"2"
19,"Katie Fischer",1046,"2"
806,"Judy Jones",1077,"2"
54,"Mark Hansen",1061,"2"
492,"Walter Brown",1046,"2"
820,"Mrs. Sharon Young DDS",1097,"2"
820,"Mrs. Sharon Young DDS",1021,"2"
857,"Lynn Hampton DVM",1083,"2"
623,"Samantha Lutz",1075,"2"
291,"Evan Washington",1084,"2"
349,"Margaret Brown",1050,"2"
47,"Tim Schwartz",1022,"2"
206,"Monica Brown",1022,"2"
399,"Douglas Archer",1060,"2"
534,"Mrs. Michelle Johnson DDS",1025,"2"
349,"Margaret Brown",1076,"2"
526,"Andre Sampson",1002,"2"
962,"Melissa Lopez",1025,"2"
282,"Adam Ruiz",1082,"2"
129,"Bradley Schmitt",1054,"2"
485,"Shawn Evans",1092,"2"
152,"Christina Mills",1014,"2"
624,"Tanya Baker",1009,"2"
614,"David Martin",1017,"2"
939,"Kelli Wells",1053,"2"
511,"Jamie Wagner",1043,"2"
364,"Diane Soto",1020,"2"
680,"Kelly Thomas",1077,"2"
642,"Sarah Lee",1094,"2"
407,"Kathryn Shaw",1019,"2"
648,"Kimberly Riley",1037,"2"
507,"Joshua Gonzales",1031,"2"
857,"Lynn Hampton DVM",1096,"2"
711,"Natalie Parsons",1100,"2"
648,"Kimberly Riley",1010,"2"
41,"Rebecca Nguyen",1087,"2"
728,"Stephen White",1050,"2"
691,"Edward Stephens",1098,"2"
322,"Jason Nunez",1053,"2"
80,"Kimberly Stewart",1041,"2"
858,"Deborah Shannon",1071,"2"
516,"Kenneth Herman",1020,"2"
809,"Heather Davila",1010,"2"
119,"Donald Anderson",1094,"2"
394,"Phillip Lopez",1016,"2"
555,"Emily Costa",1053,"2"
1,"Elizabeth Reilly",1046,"2"
37,"Christopher Fuller",1059,"2"
846,"Margaret Flores",1089,"2"
648,"Kimberly Riley",1008,"2"
697,"Michael Larson",1082,"2"
651,"Leah Lawrence",1088,"2"
904,"James Lane",1064,"2"
680,"Kelly Thomas",1096,"2"
139,"Max Leonard",1012,"2"
283,"Brian Harris",1046,"2"
640,"Robert Brown",1064,"2"
537,"Ashley Gibson",1074,"2"
822,"Thomas Gray",1049,"2"
154,"David Robinson",1092,"2"
499,"Patrick Herrera",1074,"2"
779,"Steven White",1005,"2"
800,"Jacqueline Garcia",1097,"2"
607,"Joan Anderson",1034,"2"
196,"William Pruitt",1090,"2"
22,"Kathleen Garcia",1049,"2"
611,"Scott Griffin",1073,"2"
891,"Emily Freeman",1039,"2"
783,"Jennifer Ortiz",1088,"2"
729,"Joshua Lopez",1020,"2"
671,"Jennifer Stevenson",1075,"2"
973,"Alan Rios",1080,"2"
305,"Eddie Wright",1009,"2"
906,"Susan Luna",1023,"2"
707,"Stephanie Wallace",1020,"2"
131,"Elizabeth Cobb",1010,"2"
755,"Joseph Stone",1081,"2"
449,"Christian Norris",1082,"2"
377,"Jeffery Jones",1047,"2"
640,"Robert Brown",1084,"2"
935,"Charles Duran",1036,"2"
751,"Jason Schmidt",1025,"2"
889,"Rebecca Moore",1095,"2"
526,"Andre Sampson",1046,"2"
543,"Sharon Jones",1060,"2"
920,"Sheri Thompson",1035,"2"
450,"Sydney Morris",1077,"2"
330,"Tammie Black",1031,"2"
378,"Timothy Diaz",1056,"2"
962,"Melissa Lopez",1064,"2"
175,"Lori Peck",1037,"2"
878,"Kenneth Hoffman",1021,"2"
518,"Adrian Romero",1095,"2"
996,"Tiffany Austin",1017,"2"
457,"Tristan Campbell",1078,"2"
911,"Allen Schmidt",1076,"2"
354,"Jennifer Morris",1054,"2"
499,"Patrick Herrera",1046,"2"
264,"David Whitaker",1012,"2"
598,"Alisha Wolf",1076,"2"
368,"Keith Cole",1028,"2"
531,"Eric Thomas",1054,"2"
284,"Mark Gomez",1084,"2"
204,"Catherine Riley",1008,"2"
124,"Brian Griffin",1028,"2"
526,"Andre Sampson",1039,"2"
875,"Ray Reid",1003,"2"
498,"Kelly Lee",1082,"2"
153,"Andrea Scott",1090,"2"
126,"Heather Glover",1037,"2"
902,"Jessica Brown",1097,"2"
638,"Rachel Hall",1091,"2"
129,"Bradley Schmitt",1010,"2"
66,"Timothy Miller",1038,"2"
671,"Jennifer Stevenson",1010,"2"
57,"Keith Smith",1031,"2"
279,"Michelle Roberts",1022,"2"
238,"Mr. Dustin Parks",1086,"2"
585,"Phillip Shaffer",1051,"2"
215,"Jason Johnson",1021,"2"
660,"James Davis",1009,"2"
714,"Ronald Mendoza",1038,"2"
84,"Justin Reed",1028,"2"
737,"Olivia Long",1061,"2"
877,"Eric Kane",1050,"2"
666,"James Johnson",1002,"2"
683,"Cindy Case",1037,"2"
353,"Tina Kelly",1073,"2"
114,"Tina Jones",1016,"2"
224,"Keith Arnold",1043,"2"
484,"Jessica Woodard",1058,"2"
790,"Alexandria Lawrence",1051,"2"
732,"Sean Diaz",1064,"2"
487,"Jessica Gregory",1061,"2"
408,"Brian Cross",1008,"2"
507,"Joshua Gonzales",1025,"2"
200,"Douglas Hampton",1036,"2"
980,"Debbie Wiggins",1097,"2"
309,"Julie Harrison",1028,"2"
760,"Richard Randolph",1055,"2"
355,"Samantha Alvarez",1022,"2"
742,"Robin Lopez",1068,"2"
973,"Alan Rios",1034,"2"
516,"Kenneth Herman",1013,"2"
380,"Suzanne Schmidt",1062,"2"
962,"Melissa Lopez",1037,"2"
100,"Christina Dickerson",1069,"2"
3,"Kevin Hayden",1081,"2"
169,"Alejandro Garcia",1055,"2"
848,"Glen Schneider",1081,"2"
348,"Gina Miranda",1005,"2"
347,"Herbert Mccann",1011,"2"
671,"Jennifer Stevenson",1014,"2"
671,"Jennifer Stevenson",1089,"2"
139,"Max Leonard",1001,"2"
332,"Justin Haas",1012,"2"
46,"Tammy Scott",1063,"2"
499,"Patrick Herrera",1052,"2"
513,"Dawn Mills",1035,"2"
177,"Clinton Rose",1088,"2"
820,"Mrs. Sharon Young DDS",1036,"2"
213,"Robert Harper",1095,"2"
552,"Sharon Anderson",1045,"2"
713,"Michelle Brown",1073,"2"
876,"Paul Taylor",1016,"2"
67,"Robert Lopez",1090,"2"
914,"Tracey Ibarra",1093,"2"
269,"Kimberly Young",1046,"2"
682,"James Garner",1090,"2"
269,"Kimberly Young",1088,"2"
110,"Cynthia Page",1073,"2"
201,"Karen Richardson",1033,"2"
543,"Sharon Jones",1083,"2"
974,"Karen Carlson",1089,"2"
79,"Brittany Davis",1008,"2"
15,"Brian Harris",1096,"2"
52,"Emily Mercado",1056,"2"
947,"James Santana",1086,"2"
296,"Kelli Poole",1049,"2"
139,"Max Leonard",1019,"2"
669,"Laura Stewart",1052,"2"
459,"Jesse Morris",1024,"2"
550,"Mark Anderson",1022,"2"
238,"Mr. Dustin Parks",1054,"2"
139,"Max Leonard",1077,"2"
102,"Wayne Hopkins",1054,"2"
364,"Diane Soto",1090,"2"
237,"Benjamin Richardson",1046,"2"
543,"Sharon Jones",1061,"2"
17,"Chelsea Ross",1033,"2"
794,"Adrian Craig",1018,"2"
744,"Stephen Rose",1055,"2"
916,"Adam Mack",1094,"2"
130,"Dawn Ward",1036,"2"
775,"David Palmer",1030,"2"
31,"William Gonzalez",1019,"2"
227,"Brandy Ellis",1081,"2"
929,"Rebecca Lowe",1083,"2"
862,"Ashley Huynh",1023,"2"
598,"Alisha Wolf",1094,"2"
394,"Phillip Lopez",1027,"2"
654,"Amber Sanchez",1059,"2"
451,"Barbara Hayes",1049,"2"
711,"Natalie Parsons",1047,"2"
369,"Joseph Jackson",1031,"2"
44,"David Cain",1074,"2"
750,"Maria Weber",1016,"2"
795,"William Johnson",1036,"2"
338,"Laura Evans",1076,"2"
637,"Dr. Glen Herrera",1090,"2"
167,"Amber Duarte",1032,"2"
758,"Melanie Torres",1064,"2"
390,"Shawn Olson",1020,"2"
2,"David Taylor",1093,"2"
954,"William Lewis",1015,"2"
273,"Carol Jackson",1090,"2"
871,"Michelle Black",1093,"2"
267,"Karen Kelly",1016,"2"
338,"Laura Evans",1063,"2"
83,"Duane Dyer",1027,"2"
75,"Emily Thomas",1075,"2"
780,"Timothy Lee",1053,"2"
717,"John Mendoza",1083,"2"
79,"Brittany Davis",1076,"2"
894,"Mr. Dustin Hall MD",1089,"2"
923,"David Mcgee",1087,"2"
54,"Mark Hansen",1072,"2"
8,"John Guerrero",1030,"2"
511,"Jamie Wagner",1025,"2"
168,"Jose Wallace",1005,"2"
783,"Jennifer Ortiz",1032,"2"
773,"Zachary Henderson",1054,"2"
487,"Jessica Gregory",1014,"2"
942,"Dana Stark",1010,"2"
688,"Rachel Ross",1038,"2"
844,"Jenna Leach",1026,"2"
1,"Elizabeth Reilly",1002,"2"
457,"Tristan Campbell",1048,"2"
89,"James Kirk",1098,"2"
646,"Allison Vazquez",1019,"2"
626,"Anthony Tran",1080,"2"
539,"Tamara Cooley",1032,"2"
235,"Robert Johnson",1049,"2"
383,"Troy Jones",1023,"2"
822,"Thomas Gray",1099,"2"
830,"Jeffrey Gilbert",1080,"2"
623,"Samantha Lutz",1048,"2"
429,"Jessica Stewart",1060,"2"
93,"Jason Williams",1048,"2"
188,"Robert Daniels",1003,"2"
799,"Chad Elliott",1017,"2"
736,"Cynthia Hampton",1037,"2"
872,"Brandon Jones",1028,"2"
403,"Blake Blackburn",1053,"2"
717,"John Mendoza",1046,"2"
624,"Tanya Baker",1012,"2"
19,"Katie Fischer",1016,"2"
83,"Duane Dyer",1036,"2"
337,"Erica Krueger",1077,"2"
295,"Lisa Walker",1057,"2"
141,"Matthew Welch",1058,"2"
704,"Alison Wright",1087,"2"
173,"Cory Newman",1071,"2"
113,"Joseph Aguirre",1078,"2"
184,"Joshua Cummings",1084,"2"
666,"James Johnson",1016,"2"
274,"Brandi Anderson",1080,"2"
713,"Michelle Brown",1061,"2"
449,"Christian Norris",1018,"2"
480,"Shelby Peck",1075,"2"
671,"Jennifer Stevenson",1069,"2"
670,"Robert Ross",1037,"2"
501,"Matthew Fox",1087,"2"
547,"Jennifer Richardson",1057,"2"
844,"Jenna Leach",1016,"2"
257,"Jim Cardenas",1048,"2"
847,"Jennifer Brown",1078,"2"
737,"Olivia Long",1069,"2"
829,"Emily Swanson",1089,"2"
822,"Thomas Gray",1079,"2"
344,"Bruce Norman",1089,"2"
519,"Jeffrey Anderson",1030,"2"
143,"Matthew Obrien",1040,"2"
544,"David Dodson",1090,"2"
399,"Douglas Archer",1029,"2"
28,"Kaitlyn Berger",1039,"2"
763,"Marilyn Powell",1050,"2"
705,"Mary Mclean",1078,"2"
181,"Carla Cook",1045,"2"
22,"Kathleen Garcia",1038,"2"
125,"Charles Benton",1031,"2"
445,"Jason Bishop",1005,"2"
782,"John Roy",1011,"2"
807,"Shawn Davis",1075,"2"
619,"John Simon",1046,"2"
77,"Sydney Smith",1082,"2"
528,"Rachel Williams",1059,"2"
939,"Kelli Wells",1097,"2"
184,"Joshua Cummings",1059,"2"
926,"Charlotte Parker",1094,"2"
665,"Mr. Carl Lopez MD",1054,"2"
830,"Jeffrey Gilbert",1040,"2"
620,"Kara Murphy",1097,"2"
826,"Joseph Jones",1053,"2"
1,"Elizabeth Reilly",1060,"2"
166,"Patrick Good",1049,"2"
730,"Morgan Haynes",1011,"2"
692,"Susan Gregory",1006,"2"
480,"Shelby Peck",1084,"2"
342,"Megan Smith",1050,"2"
248,"Amber Price",1086,"2"
274,"Brandi Anderson",1086,"2"
737,"Olivia Long",1015,"2"
559,"Joseph Perez",1011,"2"
968,"Melanie Bridges",1017,"2"
362,"Diane Foley",1019,"2"
597,"Kaitlyn Farmer",1064,"2"
834,"Lucas Ramsey",1077,"2"
906,"Susan Luna",1017,"2"
894,"Mr. Dustin Hall MD",1062,"2"
264,"David Whitaker",1060,"2"
85,"Christopher Alvarez",1089,"2"
285,"Christine Young",1089,"2"
990,"Daniel Valdez",1024,"2"
409,"Ivan Moon",1080,"2"
830,"Jeffrey Gilbert",1094,"2"
409,"Ivan Moon",1092,"2"
168,"Jose Wallace",1066,"2"
184,"Joshua Cummings",1030,"2"
823,"Patrick Brown",1024,"2"
480,"Shelby Peck",1009,"2"
691,"Edward Stephens",1008,"2"
932,"Samantha Smith",1005,"2"
754,"Alan Stevens",1056,"2"
569,"Rhonda Nash",1053,"2"
240,"Matthew Horton",1025,"2"
76,"Louis Simpson",1086,"2"
902,"Jessica Brown",1036,"2"
285,"Christine Young",1063,"2"
540,"Erin Williams",1070,"2"
98,"Daniel Gonzalez",1018,"2"
729,"Joshua Lopez",1013,"2"
885,"Michael Smith",1067,"2"
323,"Timothy Gomez",1072,"2"
928,"Jennifer Boone",1068,"2"
631,"Melissa Rosales",1008,"2"
569,"Rhonda Nash",1099,"2"
58,"Timothy Banks",1043,"2"
534,"Mrs. Michelle Johnson DDS",1070,"2"
216,"Deanna Gonzales",1012,"2"
132,"Linda Johnson",1089,"2"
651,"Leah Lawrence",1055,"2"
642,"Sarah Lee",1032,"2"
315,"Anne Miller",1092,"2"
130,"Dawn Ward",1034,"2"
279,"Michelle Roberts",1048,"2"
946,"Janet Peterson",1075,"2"
41,"Rebecca Nguyen",1007,"2"
618,"Mary Smith",1044,"2"
730,"Morgan Haynes",1063,"2"
123,"Jessica Hobbs",1017,"2"
314,"Melissa Lyons",1097,"2"
60,"Allen Obrien",1015,"2"
963,"Mary Powers",1004,"2"
761,"Tammie Lambert",1055,"2"
644,"Adam York",1096,"2"
527,"Sean Gordon",1010,"2"
406,"Kristen Carter",1065,"2"
787,"Angel Hoffman",1069,"2"
267,"Karen Kelly",1072,"2"
953,"Jeffrey Hunter",1064,"2"
4,"Martin Gomez",1049,"2"
805,"Jon Logan",1060,"2"
931,"Marie Rosales",1049,"2"
341,"Mr. Tyrone Crawford DVM",1076,"2"
333,"Valerie Johnson",1078,"2"
820,"Mrs. Sharon Young DDS",1078,"2"
944,"Katherine Peck",1002,"2"
499,"Patrick Herrera",1043,"2"
776,"Jesus Larsen",1026,"2"
768,"Jacob Smith",1042,"2"
757,"Mary Johnson",1013,"2"
295,"Lisa Walker",1011,"2"
988,"Christopher Banks",1081,"2"
283,"Brian Harris",1029,"2"
442,"Lisa Hayes",1007,"2"
176,"Robert Andersen",1019,"2"
729,"Joshua Lopez",1036,"2"
620,"Kara Murphy",1065,"2"
527,"Sean Gordon",1070,"2"
686,"Derek Kaiser",1045,"2"
903,"Tony Adams",1094,"2"
325,"Nancy Taylor",1010,"2"
732,"Sean Diaz",1012,"2"
913,"Victoria Richardson",1035,"2"
731,"Crystal Ward",1095,"2"
485,"Shawn Evans",1075,"2"
838,"Jill Spencer",1085,"2"
304,"Mr. Jeffrey Rice",1030,"2"
704,"Alison Wright",1065,"2"
65,"Kimberly Payne",1002,"2"
402,"Stephanie Adams",1075,"2"
168,"Jose Wallace",1037,"2"
599,"David Smith",1026,"2"
78,"Kathryn Randall",1046,"2"
941,"Amy Chung",1079,"2"
180,"Leslie Diaz",1032,"2"
542,"Darren Schneider",1066,"2"
737,"Olivia Long",1049,"2"
157,"Casey Pace",1096,"2"
194,"Erika Rush",1080,"2"
216,"Deanna Gonzales",1021,"2"
869,"Elizabeth Peterson",1080,"2"
212,"Janet Evans",1080,"2"
152,"Christina Mills",1092,"2"
55,"Shannon Byrd",1018,"2"
142,"Jennifer Payne",1010,"2"
110,"Cynthia Page",1067,"2"
522,"Cassandra Manning",1017,"2"
49,"Brandon Bartlett",1031,"2"
797,"Felicia Gross",1013,"2"
575,"Andrew Fischer",1027,"2"
436,"Cathy Graham",1046,"2"
2,"David Taylor",1040,"2"
196,"William Pruitt",1022,"2"
457,"Tristan Campbell",1037,"2"
713,"Michelle Brown",1082,"2"
983,"Kara Barrett",1011,"2"
587,"Linda Kidd",1067,"2"
292,"Mary Young",1005,"2"
55,"Shannon Byrd",1021,"2"
745,"Lori Andrews",1056,"2"
104,"Penny Dudley",1081,"2"
148,"Travis Johnson",1011,"2"
800,"Jacqueline Garcia",1040,"2"
773,"Zachary Henderson",1003,"2"
542,"Darren Schneider",1048,"2"
620,"Kara Murphy",1014,"2"
650,"Catherine Castaneda",1002,"2"
336,"Dominique Lozano",1080,"2"
714,"Ronald Mendoza",1087,"2"
13,"Joseph Myers",1062,"2"
154,"David Robinson",1042,"2"
831,"Donna Brown",1058,"2"
83,"Duane Dyer",1041,"2"
398,"Veronica Johnson",1023,"2"
732,"Sean Diaz",1087,"2"
313,"William Knapp",1047,"2"
131,"Elizabeth Cobb",1014,"2"
857,"Lynn Hampton DVM",1025,"2"
923,"David Mcgee",1001,"2"
125,"Charles Benton",1032,"2"
494,"Paul Payne",1089,"2"
509,"Alex Alexander",1016,"2"
408,"Brian Cross",1002,"2"
673,"James Brown",1006,"2"
936,"David King",1094,"2"
755,"Joseph Stone",1080,"2"
280,"Brandon Escobar",1052,"2"
959,"Brandon White",1078,"2"
621,"Mitchell Cochran",1035,"2"
954,"William Lewis",1056,"2"
48,"Lauren Kennedy",1086,"2"
425,"Richard Braun",1097,"2"
583,"Alexander Jefferson",1094,"2"
988,"Christopher Banks",1054,"2"
479,"Gregg Rhodes",1076,"2"
903,"Tony Adams",1060,"2"
51,"Katherine Long",1048,"2"
251,"Benjamin Cook",1069,"2"
696,"Benjamin Duncan",1003,"2"
875,"Ray Reid",1041,"2"
95,"Michael Cordova",1070,"2"
14,"Melissa Parrish",1044,"2"
968,"Melanie Bridges",1042,"2"
826,"Joseph Jones",1086,"2"
120,"Gregory Camacho",1044,"2"
747,"Ashley Roberts",1067,"2"
77,"Sydney Smith",1092,"2"
276,"Ellen Hobbs",1100,"2"
281,"Terry Sutton",1017,"2"
451,"Barbara Hayes",1033,"2"
665,"Mr. Carl Lopez MD",1069,"2"
826,"Joseph Jones",1058,"2"
861,"Ryan Newton",1085,"2"
598,"Alisha Wolf",1018,"2"
696,"Benjamin Duncan",1020,"2"
792,"Jared Clark",1068,"2"
342,"Megan Smith",1060,"2"
118,"Emily Hale",1024,"2"
128,"Sarah Price",1081,"2"
469,"Jessica Lewis",1014,"2"
915,"Mr. Marc Castro DVM",1055,"2"
241,"Douglas Nguyen",1030,"2"
807,"Shawn Davis",1068,"2"
278,"Kara Evans",1030,"2"
224,"Keith Arnold",1096,"2"
481,"Alex Jordan",1086,"2"
76,"Louis Simpson",1054,"2"
991,"Lucas Palmer",1044,"2"
948,"Carlos Frost",1090,"2"
873,"Samantha Ramsey",1059,"2"
799,"Chad Elliott",1097,"2"
966,"Martin Dawson",1042,"2"
666,"James Johnson",1013,"2"
736,"Cynthia Hampton",1036,"2"
387,"Walter Miller",1044,"2"
33,"Beth Phillips",1068,"2"
616,"Benjamin Ortiz",1100,"2"
472,"Christopher Fisher",1083,"2"
843,"Jennifer Davis",1068,"2"
408,"Brian Cross",1047,"2"
562,"Kyle Clark",1098,"2"
467,"Miguel Patton",1093,"2"
58,"Timothy Banks",1085,"2"
603,"Scott Anderson",1036,"2"
137,"Robert Jones",1030,"2"
248,"Amber Price",1009,"2"
447,"William Fletcher MD",1085,"2"
309,"Julie Harrison",1061,"2"
425,"Richard Braun",1086,"2"
264,"David Whitaker",1055,"2"
966,"Martin Dawson",1044,"2"
154,"David Robinson",1002,"2"
248,"Amber Price",1071,"2"
347,"Herbert Mccann",1009,"2"
683,"Cindy Case",1095,"2"
403,"Blake Blackburn",1030,"2"
154,"David Robinson",1087,"2"
237,"Benjamin Richardson",1060,"2"
836,"Beverly Roberts",1051,"2"
857,"Lynn Hampton DVM",1070,"2"
51,"Katherine Long",1082,"2"
871,"Michelle Black",1014,"2"
672,"Jesse Obrien",1058,"2"
634,"Phillip Evans",1047,"2"
657,"Robin Diaz",1042,"2"
381,"Janice Martinez",1091,"2"
355,"Samantha Alvarez",1043,"2"
630,"Lawrence Cardenas",1078,"2"
980,"Debbie Wiggins",1100,"2"
17,"Chelsea Ross",1044,"2"
830,"Jeffrey Gilbert",1051,"2"
542,"Darren Schneider",1029,"2"
2,"David Taylor",1049,"2"
805,"Jon Logan",1100,"2"
610,"Nicolas Mccarty",1098,"2"
224,"Keith Arnold",1051,"2"
385,"Anna Hernandez",1045,"2"
706,"Robert Armstrong",1034,"2"
670,"Robert Ross",1005,"2"
491,"Robert Gonzalez",1083,"2"
878,"Kenneth Hoffman",1044,"2"
214,"Amanda Gonzalez",1050,"2"
543,"Sharon Jones",1072,"2"
447,"William Fletcher MD",1066,"2"
394,"Phillip Lopez",1002,"2"
596,"Toni Payne",1031,"2"
589,"Terry Graham",1090,"2"
695,"Mrs. Ashley French",1093,"2"
993,"Gabriella Robinson",1051,"2"
469,"Jessica Lewis",1062,"2"
93,"Jason Williams",1066,"2"
769,"Heather Taylor",1081,"2"
152,"Christina Mills",1034,"2"
314,"Melissa Lyons",1063,"2"
821,"Noah Griffin",1010,"2"
682,"James Garner",1091,"2"
367,"Christine Pena",1022,"2"
471,"Mary Good",1016,"2"
534,"Mrs. Michelle Johnson DDS",1031,"2"
623,"Samantha Lutz",1005,"2"
499,"Patrick Herrera",1039,"2"
332,"Justin Haas",1087,"2"
913,"Victoria Richardson",1029,"2"
471,"Mary Good",1067,"2"
24,"Karen Edwards",1054,"2"
726,"Alexander Woodard",1038,"2"
501,"Matthew Fox",1052,"2"
246,"Brandon Bauer",1013,"2"
456,"Victoria Johns",1022,"2"
509,"Alex Alexander",1069,"2"
747,"Ashley Roberts",1002,"2"
262,"Eric Benitez",1060,"2"
171,"Rebecca Gonzalez",1048,"2"
483,"Wesley Powell",1043,"2"
381,"Janice Martinez",1083,"2"
1,"Elizabeth Reilly",1023,"2"
898,"Christina Garcia MD",1096,"2"
731,"Crystal Ward",1069,"2"
731,"Crystal Ward",1068,"2"
407,"Kathryn Shaw",1089,"2"
225,"William Morris",1064,"2"
648,"Kimberly Riley",1019,"2"
866,"Matthew Grimes",1046,"2"
903,"Tony Adams",1028,"2"
850,"Sarah Spencer",1006,"2"
124,"Brian Griffin",1098,"2"
937,"James Williams",1047,"2"
129,"Bradley Schmitt",1053,"2"
115,"Anna Gilbert",1043,"2"
773,"Zachary Henderson",1053,"2"
820,"Mrs. Sharon Young DDS",1026,"2"
669,"Laura Stewart",1059,"2"
83,"Duane Dyer",1089,"2"
124,"Brian Griffin",1001,"2"
665,"Mr. Carl Lopez MD",1050,"2"
744,"Stephen Rose",1005,"2"
258,"Jeremy Hahn",1088,"2"
329,"Nicole Mcclain",1025,"2"
317,"James Vaughn",1033,"2"
74,"Mr. Henry Greene MD",1007,"2"
542,"Darren Schneider",1091,"2"
148,"Travis Johnson",1034,"2"
349,"Margaret Brown",1069,"2"
906,"Susan Luna",1056,"2"
2,"David Taylor",1096,"2"
913,"Victoria Richardson",1045,"2"
509,"Alex Alexander",1098,"2"
832,"Robert Hensley",1055,"2"
198,"Robert George",1035,"2"
522,"Cassandra Manning",1010,"2"
638,"Rachel Hall",1088,"2"
777,"Brandi Soto",1021,"2"
711,"Natalie Parsons",1066,"2"
937,"James Williams",1077,"2"
659,"Jorge Martinez",1038,"2"
535,"Caleb Green",1053,"2"
932,"Samantha Smith",1056,"2"
119,"Donald Anderson",1033,"2"
